{"cameraMode":{"drawMode":0,"name":"Shaded","section":"Shading Mode"},"sceneLighting":true,"audioPlay":false,"sceneViewState":{"showFog":true,"showMaterialUpdate":false,"showSkybox":true,"showFlares":true,"showImageEffects":true,"showParticleSystems":true,"showVisualEffectGraphs":true,"m_FxEnabled":true},"in2DMode":false,"pivot":{"x":-34.51605224609375,"y":-31.720027923583986,"z":10.596548080444336},"rotation":{"x":0.008643551729619503,"y":0.9886379837989807,"z":-0.06267417222261429,"w":0.1364140510559082},"size":1.2543151378631592,"orthographic":false}