{"cameraMode":{"drawMode":0,"name":"Shaded","section":"Shading Mode"},"sceneLighting":true,"audioPlay":false,"sceneViewState":{"showFog":true,"showMaterialUpdate":false,"showSkybox":true,"showFlares":true,"showImageEffects":true,"showParticleSystems":true,"showVisualEffectGraphs":true,"m_FxEnabled":true},"in2DMode":false,"pivot":{"x":-34.46443176269531,"y":-31.664512634277345,"z":-0.11107966303825379},"rotation":{"x":-0.1837588995695114,"y":-0.003835039446130395,"z":0.0007190282922238112,"w":-0.9829692840576172},"size":5.676090717315674,"orthographic":false}