{"cameraMode":{"drawMode":0,"name":"Shaded","section":"Shading Mode"},"sceneLighting":true,"audioPlay":false,"sceneViewState":{"showFog":true,"showMaterialUpdate":false,"showSkybox":true,"showFlares":true,"showImageEffects":true,"showParticleSystems":true,"showVisualEffectGraphs":true,"m_FxEnabled":true},"in2DMode":false,"pivot":{"x":-34.454345703125,"y":-31.758012771606447,"z":-0.17232878506183625},"rotation":{"x":0.0017315753502771259,"y":0.9953476786613464,"z":-0.09465204924345017,"w":0.018218817189335824},"size":1.2068030834197999,"orthographic":false}