{"cameraMode":{"drawMode":0,"name":"Shaded","section":"Shading Mode"},"sceneLighting":false,"audioPlay":false,"sceneViewState":{"showFog":false,"showMaterialUpdate":false,"showSkybox":false,"showFlares":false,"showImageEffects":false,"showParticleSystems":false,"showVisualEffectGraphs":true,"m_FxEnabled":true},"in2DMode":false,"pivot":{"x":-0.06407225131988526,"y":1.3126717805862427,"z":-0.19161534309387208},"rotation":{"x":0.008643551729619503,"y":0.9886379837989807,"z":-0.06267417222261429,"w":0.1364140510559082},"size":2.197788953781128,"orthographic":false}