{"cameraMode":{"drawMode":0,"name":"Shaded","section":"Shading Mode"},"sceneLighting":false,"audioPlay":false,"sceneViewState":{"showFog":false,"showMaterialUpdate":false,"showSkybox":false,"showFlares":false,"showImageEffects":false,"showParticleSystems":false,"showVisualEffectGraphs":true,"m_FxEnabled":true},"in2DMode":false,"pivot":{"x":-0.040534622967243198,"y":1.356931447982788,"z":0.042298682034015658},"rotation":{"x":0.0017315753502771259,"y":0.9953476786613464,"z":-0.09465204924345017,"w":0.018218817189335824},"size":0.17020303010940553,"orthographic":false}