{"cameraMode":{"drawMode":0,"name":"Shaded","section":"Shading Mode"},"sceneLighting":false,"audioPlay":false,"sceneViewState":{"showFog":false,"showMaterialUpdate":false,"showSkybox":false,"showFlares":false,"showImageEffects":false,"showParticleSystems":false,"showVisualEffectGraphs":true,"m_FxEnabled":true},"in2DMode":false,"pivot":{"x":0.0012116432189941407,"y":0.6773782968521118,"z":-0.05125230550765991},"rotation":{"x":0.008643551729619503,"y":0.9886379837989807,"z":-0.06267417222261429,"w":0.1364140510559082},"size":1.2059224843978882,"orthographic":false}